{"stats":{"minecraft:dropped":{"minecraft:wheat_seeds":3,"quark:blue_corundum_cluster":1,"minecraft:crafting_table":2,"minecraft:cooked_porkchop":2,"biomesoplenty:lavender":10,"biomesoplenty:goldenrod":2,"minecraft:andesite":32,"minecraft:wooden_axe":1,"minecraft:oak_boat":1,"minecraft:cherry_button":1,"minecraft:stonecutter":1,"minecraft:wooden_pickaxe":1},"minecraft:broken":{"minecraft:stone_pickaxe":2},"minecraft:crafted":{"minecraft:cherry_planks":32,"minecraft:oak_planks":80,"minecraft:stone_shovel":1,"minecraft:cooked_porkchop":13,"minecraft:crafting_table":3,"minecraft:spruce_planks":32,"minecraft:wooden_pickaxe":1,"minecraft:furnace":1,"minecraft:stone_axe":1,"minecraft:air":0,"minecraft:oak_boat":3,"minecraft:stick":16,"quark:oak_chest":3,"minecraft:stone_pickaxe":3,"minecraft:wooden_axe":1,"minecraft:dark_oak_planks":28},"minecraft:used":{"minecraft:stone_shovel":18,"minecraft:stone_pickaxe":309,"minecraft:oak_planks":1,"farmersdelight:golden_knife":4,"minecraft:wooden_pickaxe":5,"minecraft:rotten_flesh":5,"minecraft:torch":5,"farmersdelight:onion":1,"minecraft:dirt":12,"biomesoplenty:goldenrod":1,"minecraft:crafting_table":8,"minecraft:white_bed":1,"minecraft:golden_chestplate":1,"minecraft:wooden_axe":46,"minecraft:apple":4,"wares:package":1,"minecraft:bread":3,"create:copycat_step":1,"minecraft:stone_axe":14,"minecraft:golden_sword":53,"minecraft:cobblestone":45,"minecraft:furnace":2,"minecraft:cooked_porkchop":9,"quark:oak_chest":3,"minecraft:egg":1,"minecraft:yellow_bed":7,"minecraft:oak_boat":2},"minecraft:picked_up":{"create:copycat_step":5,"minecraft:pink_petals":6,"minecraft:crafting_table":7,"minecraft:andesite":48,"biomesoplenty:goldenrod":3,"minecraft:wooden_pickaxe":1,"minecraft:oak_log":20,"minecraft:yellow_bed":7,"minecraft:dirt":42,"minecraft:stonecutter":1,"minecraft:wheat_seeds":3,"minecraft:oak_boat":1,"minecraft:cherry_button":1,"minecraft:egg":1,"minecraft:furnace":1,"minecraft:stick":1,"minecraft:raw_iron":2,"minecraft:torch":6,"minecraft:porkchop":14,"tombstone:grave_dust":2,"wares:delivery_agreement":2,"minecraft:white_bed":1,"minecraft:spruce_log":8,"quark:blue_corundum_cluster":1,"minecraft:dark_oak_log":7,"minecraft:dark_oak_planks":8,"minecraft:rotten_flesh":5,"minecraft:cherry_wood":8,"minecraft:mutton":1,"minecraft:coal":20,"biomesoplenty:lavender":10,"minecraft:white_wool":1,"minecraft:cobblestone":238,"minecraft:wooden_axe":1},"minecraft:mined":{"minecraft:white_bed":1,"minecraft:dark_oak_log":7,"minecraft:crafting_table":7,"biomesoplenty:bush":1,"minecraft:grass_block":5,"quark:blue_corundum_cluster":1,"minecraft:cobblestone":12,"minecraft:cherry_wood":3,"minecraft:moss_block":1,"biomesoplenty:goldenrod":2,"minecraft:pink_petals":4,"farmersdelight:wild_onions":1,"biomesoplenty:tall_lavender":1,"minecraft:furnace":1,"minecraft:iron_ore":2,"biomesoplenty:lavender":12,"minecraft:spruce_log":8,"minecraft:andesite":42,"wares:package":1,"minecraft:yellow_bed":6,"biomesoplenty:sea_oats":1,"minecraft:grass":14,"minecraft:coal_ore":21,"minecraft:oak_log":14,"minecraft:cherry_leaves":4,"minecraft:dirt":38,"biomesoplenty:barley":3,"create:copycat_step":5,"minecraft:stonecutter":1,"minecraft:stone":227,"minecraft:oak_leaves":2},"minecraft:custom":{"minecraft:interact_with_furnace":14,"minecraft:mob_kills":11,"minecraft:interact_with_crafting_table":15,"minecraft:leave_game":2,"minecraft:time_since_death":74501,"minecraft:sleep_in_bed":6,"minecraft:time_since_rest":25266,"minecraft:waystone_activated":1,"minecraft:sprint_one_cm":119007,"minecraft:damage_taken":923,"minecraft:walk_one_cm":157352,"minecraft:drop":23,"minecraft:damage_dealt":1827,"minecraft:swim_one_cm":5907,"minecraft:fly_one_cm":120542,"minecraft:open_chest":22,"minecraft:crouch_one_cm":7284,"minecraft:play_time":74501,"tombstone:undead_killed":4,"minecraft:sneak_time":3373,"minecraft:walk_under_water_one_cm":3716,"minecraft:boat_one_cm":271438,"minecraft:jump":975,"wares:interact_with_delivery_table":1,"minecraft:walk_on_water_one_cm":2054,"minecraft:total_world_time":74501,"wares:sealed_letters_opened":2,"minecraft:fall_one_cm":21736},"minecraft:killed":{"minecraft:pig":5,"minecraft:sheep":1,"minecraft:zombie":4,"alexsmobs:flying_fish":1}},"DataVersion":3465}