{"stats":{"minecraft:killed":{"minecraft:pig":2,"minecraft:sheep":1,"minecraft:zombie":2,"minecraft:chicken":1},"minecraft:crafted":{"minecraft:wooden_sword":1,"minecraft:oak_planks":40,"minecraft:cooked_porkchop":3,"minecraft:crafting_table":3,"minecraft:wooden_pickaxe":1,"minecraft:stone_axe":4,"minecraft:air":0,"minecraft:stick":36,"minecraft:stone_pickaxe":5,"minecraft:wooden_axe":1,"minecraft:stone_sword":1,"minecraft:torch":12},"minecraft:dropped":{"biomesoplenty:lavender":18,"minecraft:azure_bluet":2,"minecraft:poppy":2,"minecraft:yellow_bed":1,"minecraft:wooden_pickaxe":1,"biomesoplenty:tall_lavender":2},"minecraft:custom":{"minecraft:interact_with_furnace":2,"minecraft:mob_kills":7,"minecraft:interact_with_crafting_table":7,"minecraft:leave_game":3,"minecraft:time_since_death":41386,"minecraft:sleep_in_bed":4,"minecraft:time_since_rest":4522,"minecraft:sprint_one_cm":33853,"minecraft:damage_taken":363,"minecraft:walk_one_cm":100972,"minecraft:drop":9,"minecraft:damage_dealt":795,"minecraft:swim_one_cm":4765,"minecraft:fly_one_cm":36194,"minecraft:open_chest":2,"minecraft:crouch_one_cm":1128,"minecraft:play_time":41386,"tombstone:undead_killed":2,"minecraft:sneak_time":1310,"minecraft:walk_under_water_one_cm":2426,"minecraft:boat_one_cm":87471,"minecraft:jump":227,"minecraft:walk_on_water_one_cm":501,"minecraft:total_world_time":41386,"minecraft:fall_one_cm":3426},"minecraft:picked_up":{"biomesoplenty:lavender":27,"minecraft:azure_bluet":3,"minecraft:chicken":1,"minecraft:andesite":1,"biomesoplenty:goldenrod":1,"minecraft:wooden_pickaxe":1,"minecraft:oak_log":10,"minecraft:yellow_bed":1,"minecraft:dirt":22,"minecraft:raw_copper":40,"biomesoplenty:tall_lavender":4,"minecraft:wheat_seeds":33,"minecraft:oak_boat":2,"minecraft:poppy":3,"minecraft:light_gray_wool":1,"minecraft:egg":2,"minecraft:stick":1,"minecraft:porkchop":5,"biomesoplenty:jacaranda_log":7,"minecraft:oak_sapling":1,"minecraft:netherrack":2,"minecraft:mutton":1,"minecraft:coal":20,"iceandfire:raw_silver":3,"minecraft:cobblestone":41},"minecraft:used":{"minecraft:stone_pickaxe":76,"minecraft:oak_planks":2,"minecraft:wooden_pickaxe":18,"minecraft:torch":4,"minecraft:crafting_table":3,"minecraft:wooden_axe":4,"minecraft:chicken":1,"biomesoplenty:jacaranda_log":7,"minecraft:wooden_sword":29,"minecraft:cobblestone":1,"minecraft:porkchop":2,"minecraft:cooked_porkchop":2,"minecraft:oak_boat":1},"minecraft:mined":{"iceandfire:silver_ore":3,"minecraft:torch":1,"minecraft:grass_block":15,"minecraft:poppy":1,"minecraft:copper_ore":10,"minecraft:cobblestone":2,"biomesoplenty:dune_grass":13,"biomesoplenty:goldenrod":1,"biomesoplenty:jacaranda_log":7,"biomesoplenty:tall_lavender":2,"biomesoplenty:lavender":11,"minecraft:yellow_bed":4,"minecraft:azure_bluet":1,"biomesoplenty:sea_oats":21,"minecraft:grass":83,"minecraft:oak_log":10,"minecraft:coal_ore":20,"minecraft:dirt":7,"biomesoplenty:barley":214,"quark:crimson_chest":1,"minecraft:stone":38,"minecraft:netherrack":2,"minecraft:oak_leaves":4}},"DataVersion":3465}