{"stats":{"minecraft:dropped":{"biomesoplenty:goldenrod":26,"minecraft:wheat_seeds":17,"minecraft:oak_log":6,"tombstone:grave_key":1,"minecraft:oak_sapling":1,"minecraft:feather":1},"minecraft:used":{"minecraft:oak_log":1,"alexsmobs:flying_fish":1,"minecraft:apple":4,"minecraft:bread":2,"farmersdelight:golden_knife":19,"minecraft:golden_sword":8,"farmersdelight:onion":14,"minecraft:cooked_porkchop":2,"minecraft:oak_boat":1,"tombstone:gift":2,"minecraft:yellow_bed":5},"minecraft:picked_up":{"quark:crimson_chest":1,"biomesoplenty:lavender":4,"minecraft:crafting_table":2,"minecraft:feather":1,"minecraft:cooked_porkchop":2,"biomesoplenty:goldenrod":26,"minecraft:torch":1,"minecraft:oak_log":7,"tombstone:grave_key":1,"minecraft:white_bed":1,"minecraft:yellow_bed":5,"quark:blue_corundum_cluster":1,"quark:oak_chest":1,"minecraft:dirt":3,"biomesoplenty:tall_lavender":1,"minecraft:rotten_flesh":1,"minecraft:stonecutter":1,"minecraft:wheat_seeds":20,"farmersdelight:straw":1,"minecraft:oak_boat":2,"minecraft:oak_sapling":1,"minecraft:coal":1,"alexsmobs:flying_fish":1},"minecraft:mined":{"minecraft:white_bed":1,"quark:oak_chest":1,"biomesoplenty:lavender":1,"minecraft:yellow_bed":2,"minecraft:torch":2,"minecraft:grass":181,"minecraft:grass_block":2,"minecraft:oak_log":7,"minecraft:tall_grass":11,"minecraft:oxeye_daisy":1,"biomesoplenty:goldenrod":31},"minecraft:custom":{"minecraft:time_since_rest":27934,"minecraft:waystone_activated":1,"minecraft:sprint_one_cm":90444,"minecraft:damage_taken":883,"minecraft:walk_one_cm":231960,"minecraft:mob_kills":1,"minecraft:drop":7,"minecraft:damage_dealt":208,"minecraft:interact_with_crafting_table":1,"minecraft:swim_one_cm":5634,"minecraft:fly_one_cm":15369,"minecraft:open_chest":10,"minecraft:crouch_one_cm":1445,"minecraft:play_time":65022,"minecraft:deaths":1,"minecraft:sneak_time":294,"minecraft:walk_under_water_one_cm":1131,"minecraft:boat_one_cm":209321,"minecraft:jump":620,"wares:interact_with_delivery_table":1,"minecraft:leave_game":2,"minecraft:time_since_death":56408,"minecraft:walk_on_water_one_cm":5343,"minecraft:sleep_in_bed":6,"minecraft:total_world_time":65022,"minecraft:fall_one_cm":5169},"minecraft:killed":{"alexsmobs:raccoon":1}},"DataVersion":3465}